Komisz,Paraszt,Szétvérrelhányó,Faszkrampusz,Morgó,
Nyálbél,Béla,Kincsem,Sarah Jessica Parker,Belső Vérzés,
Winston Churchill,Kincsem,Komisz,Argentan,Faszkrampusz,
Hapci,Belső Vérzés,Paraszt,Béla,Faszkrampusz,
Pinaszáj,Kincsem,Argentan,Hapci,Belső Vérzés,
Imperial,Overdose,Winston Churchill,Perec,Szétvérrelhányó,
Paraszt,Winston Churchill,Takony,Hapci,Sarah Jessica Parker,
Overdose,Pinaszáj,Anjelica Huston,Winston Churchill,Múló Szeszéj,
Paraszt,Kincsem,Béla,Anjelica Huston,Argentan,
Komisz,Winston Churchill,Perec,Imperial,Belső Vérzés,
Paraszt,Imperial,Overdose,Perec,Belső Vérzés,
Winston Churchill,Pinaszáj,Imperial,Overdose,Anjelica Huston,
Paraszt,Sarah Jessica Parker,Hapci,Belső Vérzés,Béla,
Pinaszáj,Kincsem,Paraszt,Perec,Múló Szeszéj,
Argentan,Pinaszáj,Szétvérrelhányó,Sarah Jessica Parker,Takony,
Imperial,Overdose,Kincsem,Szétvérrelhányó,Belső Vérzés,
Komisz,Takony,Múló Szeszéj,Kincsem,Belső Vérzés,
Paraszt,Múló Szeszéj,Kincsem,Sarah Jessica Parker,Takony,
Béla,Takony,Argentan,Szétvérrelhányó,Faszkrampusz,
Imperial,Béla,Szétvérrelhányó,Belső Vérzés,Perec,
Overdose,Béla,Morgó,Anjelica Huston,Paraszt,
Anjelica Huston,Winston Churchill,Komisz,Hapci,Belső Vérzés,
Paraszt,Hapci,Anjelica Huston,Nyálbél,Belső Vérzés,
Winston Churchill,Szétvérrelhányó,Hapci,Anjelica Huston,Kincsem,
Imperial,Anjelica Huston,Béla,Perec,Faszkrampusz,
Pinaszáj,Kincsem,Múló Szeszéj,Overdose,Faszkrampusz,
Komisz,Nyálbél,Imperial,Sarah Jessica Parker,Belső Vérzés,
Overdose,Paraszt,Anjelica Huston,Nyálbél,Belső Vérzés,
Pinaszáj,Winston Churchill,Nyálbél,Múló Szeszéj,Paraszt,
Paraszt,Belső Vérzés,Béla,Kincsem,Argentan,
Hapci,Overdose,Múló Szeszéj,Kincsem,Morgó,
Múló Szeszéj,Béla,Anjelica Huston,Komisz,Takony,
Múló Szeszéj,Argentan,Nyálbél,Hapci,Perec,
Múló Szeszéj,Hapci,Paraszt,Anjelica Huston,Perec,
Béla,Kincsem,Imperial,Komisz,Perec,
Múló Szeszéj,Argentan,Morgó,Takony,Faszkrampusz,
Paraszt,Szétvérrelhányó,Béla,Perec,Faszkrampusz,
Paraszt,Kincsem,Belső Vérzés,Argentan,Perec,
Múló Szeszéj,Paraszt,Komisz,Anjelica Huston,Morgó,
Paraszt,Béla,Kincsem,Perec,Faszkrampusz,
Overdose,Komisz,Nyálbél,Imperial,Sarah Jessica Parker,
Pinaszáj,Argentan,Hapci,Múló Szeszéj,Perec,
Nyálbél,Belső Vérzés,Béla,Hapci,Morgó,
Paraszt,Nyálbél,Hapci,Anjelica Huston,Sarah Jessica Parker,
Paraszt,Overdose,Argentan,Belső Vérzés,Sarah Jessica Parker,
Overdose,Kincsem,Imperial,Anjelica Huston,Szétvérrelhányó,
Pinaszáj,Múló Szeszéj,Imperial,Hapci,Perec,
Belső Vérzés,Overdose,Anjelica Huston,Takony,Szétvérrelhányó,
Komisz,Béla,Overdose,Imperial,Morgó,
Winston Churchill,Pinaszáj,Béla,Anjelica Huston,Argentan,
Winston Churchill,Imperial,Kincsem,Belső Vérzés,Nyálbél,
Belső Vérzés,Hapci,Paraszt,Béla,Argentan,
Imperial,Overdose,Sarah Jessica Parker,Szétvérrelhányó,Faszkrampusz,
Pinaszáj,Kincsem,Anjelica Huston,Imperial,Nyálbél,
Nyálbél,Komisz,Imperial,Béla,Perec,
Pinaszáj,Komisz,Nyálbél,Paraszt,Kincsem,
Pinaszáj,Múló Szeszéj,Kincsem,Argentan,Perec,
Argentan,Paraszt,Sarah Jessica Parker,Perec,Faszkrampusz,
Pinaszáj,Overdose,Morgó,Szétvérrelhányó,Faszkrampusz,
Paraszt,Overdose,Argentan,Morgó,Szétvérrelhányó,
Winston Churchill,Béla,Kincsem,Szétvérrelhányó,Faszkrampusz,
Paraszt,Nyálbél,Imperial,Kincsem,Perec,
Pinaszáj,Múló Szeszéj,Szétvérrelhányó,Sarah Jessica Parker,Perec,
Paraszt,Komisz,Morgó,Múló Szeszéj,Takony,
Pinaszáj,Béla,Kincsem,Overdose,Faszkrampusz,
Komisz,Nyálbél,Belső Vérzés,Paraszt,Béla,
Múló Szeszéj,Paraszt,Imperial,Nyálbél,Sarah Jessica Parker,
Winston Churchill,Komisz,Nyálbél,Szétvérrelhányó,Takony,
Komisz,Belső Vérzés,Takony,Perec,Sarah Jessica Parker,
Komisz,Paraszt,Hapci,Perec,Faszkrampusz,
Nyálbél,Hapci,Belső Vérzés,Anjelica Huston,Perec,
Winston Churchill,Múló Szeszéj,Anjelica Huston,Overdose,Sarah Jessica Parker,
Imperial,Morgó,Argentan,Sarah Jessica Parker,Faszkrampusz,
Pinaszáj,Anjelica Huston,Morgó,Perec,Faszkrampusz,
Nyálbél,Kincsem,Overdose,Takony,Perec,
Belső Vérzés,Nyálbél,Imperial,Múló Szeszéj,Takony,
Paraszt,Anjelica Huston,Belső Vérzés,Morgó,Takony,
Komisz,Winston Churchill,Paraszt,Múló Szeszéj,Perec,
Paraszt,Belső Vérzés,Imperial,Overdose,Nyálbél,
Paraszt,Nyálbél,Anjelica Huston,Imperial,Morgó,
Winston Churchill,Nyálbél,Imperial,Sarah Jessica Parker,Faszkrampusz,
Pinaszáj,Paraszt,Imperial,Overdose,Sarah Jessica Parker,
Belső Vérzés,Paraszt,Nyálbél,Hapci,Takony,
Pinaszáj,Komisz,Hapci,Overdose,Szétvérrelhányó,
Anjelica Huston,Kincsem,Béla,Morgó,Faszkrampusz,
Pinaszáj,Hapci,Kincsem,Komisz,Sarah Jessica Parker,
Anjelica Huston,Kincsem,Morgó,Sarah Jessica Parker,Faszkrampusz,
Paraszt,Múló Szeszéj,Anjelica Huston,Szétvérrelhányó,Sarah Jessica Parker,
Winston Churchill,Komisz,Anjelica Huston,Argentan,Perec,
Pinaszáj,Winston Churchill,Hapci,Imperial,Argentan,
Winston Churchill,Pinaszáj,Anjelica Huston,Béla,Takony,
Hapci,Kincsem,Overdose,Belső Vérzés,Takony,
Winston Churchill,Komisz,Paraszt,Imperial,Sarah Jessica Parker,
Winston Churchill,Kincsem,Overdose,Béla,Argentan,
Winston Churchill,Morgó,Argentan,Perec,Sarah Jessica Parker,
Hapci,Paraszt,Morgó,Argentan,Belső Vérzés,
Paraszt,Múló Szeszéj,Komisz,Hapci,Morgó,
Winston Churchill,Pinaszáj,Komisz,Argentan,Takony,
Pinaszáj,Béla,Argentan,Perec,Takony,
Winston Churchill,Imperial,Kincsem,Argentan,Takony,
Winston Churchill,Pinaszáj,Belső Vérzés,Argentan,Takony,
Pinaszáj,Winston Churchill,Anjelica Huston,Morgó,Takony,
Winston Churchill,Paraszt,Imperial,Argentan,Sarah Jessica Parker,
Komisz,Belső Vérzés,Nyálbél,Overdose,Morgó,
Winston Churchill,Nyálbél,Kincsem,Béla,Argentan,
Nyálbél,Imperial,Argentan,Faszkrampusz,Takony,
Pinaszáj,Paraszt,Múló Szeszéj,Argentan,Perec,
Winston Churchill,Múló Szeszéj,Imperial,Kincsem,Faszkrampusz,
Paraszt,Anjelica Huston,Imperial,Perec,Belső Vérzés,
Pinaszáj,Anjelica Huston,Imperial,Nyálbél,Sarah Jessica Parker,
Nyálbél,Hapci,Overdose,Béla,Argentan,
Belső Vérzés,Múló Szeszéj,Anjelica Huston,Kincsem,Morgó,
Nyálbél,Anjelica Huston,Imperial,Perec,Sarah Jessica Parker,
Pinaszáj,Belső Vérzés,Anjelica Huston,Kincsem,Béla,
Winston Churchill,Hapci,Morgó,Argentan,Perec,
Pinaszáj,Hapci,Anjelica Huston,Belső Vérzés,Morgó,
Komisz,Imperial,Hapci,Argentan,Sarah Jessica Parker,
Kincsem,Morgó,Szétvérrelhányó,Perec,Sarah Jessica Parker,
Múló Szeszéj,Anjelica Huston,Belső Vérzés,Szétvérrelhányó,Perec,
Nyálbél,Overdose,Béla,Belső Vérzés,Takony,
Nyálbél,Paraszt,Imperial,Kincsem,Overdose,
Nyálbél,Múló Szeszéj,Anjelica Huston,Argentan,Takony,
Múló Szeszéj,Anjelica Huston,Overdose,Hapci,Sarah Jessica Parker,
Anjelica Huston,Overdose,Béla,Faszkrampusz,Takony,
Winston Churchill,Nyálbél,Anjelica Huston,Szétvérrelhányó,Takony,
Nyálbél,Anjelica Huston,Kincsem,Múló Szeszéj,Perec,
Winston Churchill,Imperial,Múló Szeszéj,Sarah Jessica Parker,Takony,
Pinaszáj,Winston Churchill,Nyálbél,Kincsem,Sarah Jessica Parker,
Winston Churchill,Nyálbél,Paraszt,Béla,Argentan,
Komisz,Anjelica Huston,Imperial,Argentan,Faszkrampusz,
Pinaszáj,Komisz,Hapci,Overdose,Múló Szeszéj,
Pinaszáj,Winston Churchill,Béla,Szétvérrelhányó,Takony,
Múló Szeszéj,Kincsem,Szétvérrelhányó,Sarah Jessica Parker,Takony,
Winston Churchill,Komisz,Anjelica Huston,Szétvérrelhányó,Múló Szeszéj,
Komisz,Béla,Argentan,Perec,Sarah Jessica Parker,
Belső Vérzés,Hapci,Overdose,Morgó,Szétvérrelhányó,
Anjelica Huston,Hapci,Kincsem,Morgó,Szétvérrelhányó,
Paraszt,Overdose,Morgó,Perec,Sarah Jessica Parker,
Paraszt,Béla,Argentan,Faszkrampusz,Takony,
Paraszt,Anjelica Huston,Morgó,Szétvérrelhányó,Múló Szeszéj,
Belső Vérzés,Nyálbél,Kincsem,Overdose,Argentan,
Winston Churchill,Pinaszáj,Paraszt,Imperial,Sarah Jessica Parker,
Pinaszáj,Overdose,Morgó,Szétvérrelhányó,Faszkrampusz,
Hapci,Béla,Múló Szeszéj,Perec,Faszkrampusz,
Nyálbél,Kincsem,Béla,Perec,Sarah Jessica Parker,
Imperial,Overdose,Béla,Szétvérrelhányó,Takony,
Paraszt,Hapci,Múló Szeszéj,Morgó,Béla,
Winston Churchill,Anjelica Huston,Overdose,Szétvérrelhányó,Múló Szeszéj,
Winston Churchill,Paraszt,Kincsem,Overdose,Sarah Jessica Parker,
Pinaszáj,Komisz,Winston Churchill,Overdose,Morgó,
Winston Churchill,Pinaszáj,Nyálbél,Anjelica Huston,Szétvérrelhányó,
Belső Vérzés,Pinaszáj,Morgó,Szétvérrelhányó,Takony,
Komisz,Imperial,Szétvérrelhányó,Perec,Faszkrampusz,
Komisz,Hapci,Múló Szeszéj,Szétvérrelhányó,Faszkrampusz,
Anjelica Huston,Imperial,Kincsem,Sarah Jessica Parker,Faszkrampusz,
Paraszt,Kincsem,Béla,Perec,Sarah Jessica Parker,
Winston Churchill,Anjelica Huston,Paraszt,Argentan,Perec,
Pinaszáj,Anjelica Huston,Paraszt,Nyálbél,Takony,
Nyálbél,Paraszt,Komisz,Múló Szeszéj,Faszkrampusz,
Overdose,Hapci,Béla,Múló Szeszéj,Perec,
Imperial,Nyálbél,Overdose,Argentan,Perec,
Winston Churchill,Komisz,Béla,Múló Szeszéj,Takony,
Komisz,Anjelica Huston,Kincsem,Overdose,Morgó,
Komisz,Anjelica Huston,Béla,Sarah Jessica Parker,Faszkrampusz,
Kincsem,Overdose,Nyálbél,Szétvérrelhányó,Argentan,
Pinaszáj,Imperial,Nyálbél,Argentan,Perec,
Belső Vérzés,Pinaszáj,Nyálbél,Múló Szeszéj,Argentan,
Anjelica Huston,Imperial,Overdose,Argentan,Perec,
Winston Churchill,Komisz,Overdose,Morgó,Sarah Jessica Parker,
Anjelica Huston,Hapci,Béla,Szétvérrelhányó,Faszkrampusz,
Winston Churchill,Komisz,Pinaszáj,Béla,Perec,
Paraszt,Imperial,Belső Vérzés,Béla,Takony,
Anjelica Huston,Imperial,Múló Szeszéj,Perec,Sarah Jessica Parker,
Komisz,Overdose,Argentan,Perec,Takony,
Pinaszáj,Nyálbél,Béla,Argentan,Takony,
Pinaszáj,Overdose,Szétvérrelhányó,Belső Vérzés,Takony,
Belső Vérzés,Pinaszáj,Hapci,Sarah Jessica Parker,Faszkrampusz,
Imperial,Hapci,Nyálbél,Szétvérrelhányó,Belső Vérzés,
Winston Churchill,Pinaszáj,Kincsem,Morgó,Múló Szeszéj,
Winston Churchill,Hapci,Morgó,Sarah Jessica Parker,Faszkrampusz,
Pinaszáj,Anjelica Huston,Nyálbél,Morgó,Sarah Jessica Parker,
Paraszt,Kincsem,Béla,Múló Szeszéj,Argentan,
Imperial,Kincsem,Nyálbél,Argentan,Perec,
Imperial,Overdose,Hapci,Múló Szeszéj,Faszkrampusz,
Winston Churchill,Kincsem,Béla,Sarah Jessica Parker,Takony,
Komisz,Imperial,Overdose,Argentan,Sarah Jessica Parker,
Winston Churchill,Komisz,Paraszt,Imperial,Perec,
Imperial,Overdose,Argentan,Sarah Jessica Parker,Takony,
Pinaszáj,Overdose,Morgó,Szétvérrelhányó,Sarah Jessica Parker,
Winston Churchill,Imperial,Béla,Perec,Sarah Jessica Parker,
Belső Vérzés,Overdose,Nyálbél,Szétvérrelhányó,Múló Szeszéj,
Hapci,Béla,Argentan,Sarah Jessica Parker,Takony,
Belső Vérzés,Hapci,Morgó,Szétvérrelhányó,Sarah Jessica Parker,
Winston Churchill,Pinaszáj,Imperial,Múló Szeszéj,Faszkrampusz,
Pinaszáj,Kincsem,Szétvérrelhányó,Argentan,Takony,
Pinaszáj,Anjelica Huston,Hapci,Morgó,Béla,
Pinaszáj,Imperial,Komisz,Nyálbél,Perec,
Pinaszáj,Hapci,Morgó,Szétvérrelhányó,Perec,
Kincsem,Hapci,Argentan,Múló Szeszéj,Sarah Jessica Parker,
Komisz,Paraszt,Imperial,Kincsem,Morgó,
